fecha,local,visitante,goles_local,goles_visitante
2026-08-01,Millonarios,Junior,2,1
2026-08-01,Atlético Nacional,Santa Fe,1,1
2026-08-01,América de Cali,Deportes Tolima,3,0
2026-08-01,Independiente Medellín,Once Caldas,0,0
2026-08-08,Junior,Atlético Nacional,2,2
2026-08-08,Santa Fe,Millonarios,0,1
2026-08-08,Deportes Tolima,Independiente Medellín,2,1
2026-08-08,Once Caldas,América de Cali,3,4
2026-08-15,Millonarios,Atlético Nacional,1,1
2026-08-15,Junior,Santa Fe,3,1
2026-08-15,América de Cali,Independiente Medellín,0,1
2026-08-15,Once Caldas,Deportes Tolima,2,2
2026-08-22,Atlético Nacional,América de Cali,2,0
2026-08-22,Independiente Medellín,Millonarios,1,1
2026-08-22,Santa Fe,Once Caldas,2,0
2026-08-22,Deportes Tolima,Junior,0,1
